{
  "Enabled": true,
  "Drawn": false,
  "Bind": "None",
  "DisplayName": "Speedmine",
  "Range": 10.0,
  "Tweaks": true,
  "Mode": "PACKET",
  "Reset": true,
  "Damage": 0.7,
  "NoBreakAnim": false,
  "NoDelay": false,
  "NoSwing": false,
  "NoTrace": false,
  "NoGapTrace": false,
  "AllowMultiTask": false,
  "Pickaxe": true,
  "DoubleBreak": false,
  "WebSwitch": false,
  "SilentSwitch": false,
  "IllegalMine": false,
  "Render": false,
  "Box": false,
  "BoxAlpha": 85,
  "Outline": true,
  "LineWidth": 1.0
}