{
  "Enabled": false,
  "Drawn": true,
  "Bind": "None",
  "DisplayName": "AutoTrap",
  "Server": false,
  "Delay/Place": 50,
  "Block/Place": 8,
  "TargetRange": 10.0,
  "PlaceRange": 6.0,
  "Target": "CLOSEST",
  "Switch": "NORMAL",
  "Rotate": true,
  "Raytrace": false,
  "Pattern": "STATIC",
  "Extend": 4,
  "AntiScaffold": false,
  "AntiStep": false,
  "Face": true,
  "Legs": false,
  "Platform": false,
  "AntiDrop": false,
  "Speed": 10.0,
  "AntiSelf": false,
  "Updates": 3,
  "Freecam": false,
  "Info": false,
  "NoBlock": true,
  "NoScaffoldExtend": false,
  "TSelfMove": false,
  "Packet": false,
  "AirPacket": false,
  "Retries": 4,
  "EndPortals": false,
  "Render": true,
  "Sync": false,
  "Box": false,
  "Outline": true,
  "CustomLine": false,
  "Red": 0,
  "Green": 255,
  "Blue": 0,
  "Alpha": 255,
  "BoxAlpha": 125,
  "LineWidth": 1.0,
  "OL-Red": 255,
  "OL-Green": 255,
  "OL-Blue": 255,
  "OL-Alpha": 255
}