{
  "Enabled": false,
  "Drawn": true,
  "Bind": "R",
  "DisplayName": "Auto32k",
  "Delay/Place": 25,
  "PlaceRange": 4.5,
  "Raytrace": false,
  "Rotate": false,
  "TargetRange": 6.0,
  "ExtraRotation": false,
  "Place": "CLOSE",
  "Freecam": false,
  "UseHoppers": false,
  "CheckShulker": true,
  "CheckDelay": 500,
  "Drop": false,
  "Mine": false,
  "CheckState": true,
  "Packet": false,
  "DispExtra": false,
  "SecretClose": false,
  "CloseGui": false,
  "SwitchOnFail": true,
  "HopperRange": 8.0,
  "32kSlot": 0,
  "Messages": false,
  "AntiHopper": false,
  "Mode": "NORMAL",
  "Blocks/Place": 1,
  "Actions/Place": 1,
  "UseObby": false,
  "Simulate": true,
  "AutoSwitch": false,
  "WithBind": false,
  "SwitchBind": "None"
}