{
  "Enabled": false,
  "Drawn": true,
  "Bind": "None",
  "DisplayName": "BedBomb",
  "Server": false,
  "Place": false,
  "Placedelay": 50,
  "PlaceRange": 6.0,
  "InsanePacket": false,
  "Packet": false,
  "Break": true,
  "BreakMode": "ALL",
  "Breakdelay": 50,
  "BreakRange": 6.0,
  "MinDamage": 5.0,
  "Range": 10.0,
  "Suicide": false,
  "RemoveTiles": false,
  "Rotate": false,
  "1.15": false,
  "Logic": "BREAKPLACE",
  "Craft": false,
  "PlaceTable": false,
  "OpenTable": false,
  "CraftTable": false,
  "TableRange": 6.0,
  "CraftDelay": 4,
  "TableSlot": 8,
  "S-Slot": false
}