{
  "Enabled": false,
  "Drawn": true,
  "Bind": "Capital",
  "DisplayName": "Killaura",
  "Range": 7.0,
  "AutoSwitch": true,
  "Delay": true,
  "Rotate": true,
  "Stay": true,
  "ArmorBreak": false,
  "Eating": true,
  "Axe/Sword": true,
  "Teleport": false,
  "Raytrace": 6.0,
  "TpRange": 15.0,
  "LagBack": true,
  "32kDelay": false,
  "32kTime": 5,
  "32kPackets": 2,
  "Multi32k": false,
  "Players": true,
  "Mobs": false,
  "Animals": false,
  "Entities": false,
  "Projectiles": false,
  "TpsSync": true,
  "Packet": true,
  "Swing": true,
  "State": false,
  "Info": true,
  "Target": "CLOSEST",
  "Health": 6.0
}