{
  "Enabled": true,
  "Drawn": false,
  "Bind": "None",
  "DisplayName": "HoleESP",
  "OwnHole": false,
  "Box": true,
  "GradientBox": true,
  "PulseAlpha": false,
  "PulseOutline": true,
  "InvertGradientBox": true,
  "Outline": true,
  "GradientOutline": false,
  "InvertGradientOutline": false,
  "Height": 0.5,
  "SafeColor": false,
  "CustomLine": false,
  "Holes": 1,
  "MinPulse": 10,
  "MaxPulse": 40,
  "PulseSpeed": 10,
  "Red": 37,
  "Green": 21,
  "Blue": 244,
  "Alpha": 255,
  "BoxAlpha": 125,
  "LineWidth": 1.0,
  "SafeRed": 0,
  "SafeGreen": 255,
  "SafeBlue": 0,
  "SafeAlpha": 255,
  "OL-Red": 0,
  "OL-Green": 0,
  "OL-Blue": 255,
  "OL-Alpha": 255,
  "OL-SafeRed": 0,
  "OL-SafeGreen": 255,
  "OL-SafeBlue": 0,
  "OL-SafeAlpha": 255
}