{
  "Enabled": false,
  "Drawn": true,
  "Bind": "None",
  "DisplayName": "Nametags",
  "Health": true,
  "Armor": true,
  "ReverseArmor": false,
  "TopEnchant": false,
  "AltEnchantNames": false,
  "Size": 2.8,
  "Invisibles": true,
  "Ping": true,
  "TotemPops": true,
  "Gamemode": false,
  "ID": false,
  "Rectangle": true,
  "Outline": false,
  "Sync": false,
  "Red": 255,
  "Green": 255,
  "Blue": 255,
  "Alpha": 255,
  "LineWidth": 1.5,
  "SneakColor": false,
  "StackName": false,
  "White": false,
  "OnlyFov": false,
  "Scale": false,
  "Factor": 0.3,
  "SmartScale": false
}