{
  "Enabled": false,
  "Drawn": true,
  "Bind": "C",
  "DisplayName": "Strafe",
  "Mode": "BHOP",
  "SetGround": true,
  "Hop": true,
  "Bhop": false,
  "NoLag": true,
  "Speed": 103,
  "Speed1": 143,
  "Speed2": 149,
  "DFactor": 159,
  "Accel": 2165,
  "SpeedLimit": 35.0,
  "SpeedLimit2": 60.0,
  "YOffset": 400,
  "Potion": false,
  "Wait": true,
  "HopWait": true,
  "Stage": 2,
  "SetPos": true,
  "SetNull": true,
  "GroundLimit": 36,
  "GroundFactor": 13,
  "SetStep": 1,
  "NoGroundLag": true
}