{
  "Enabled": false,
  "Drawn": true,
  "Bind": "C",
  "DisplayName": "Strafe",
  "Mode": "NCP",
  "SetGround": true,
  "Hop": true,
  "Bhop": true,
  "NoLag": true,
  "Speed": 100,
  "Speed1": 130,
  "Speed2": 125,
  "DFactor": 159,
  "Accel": 2149,
  "SpeedLimit": 35.0,
  "SpeedLimit2": 60.0,
  "YOffset": 400,
  "Potion": false,
  "Wait": true,
  "HopWait": true,
  "Stage": 2,
  "SetPos": true,
  "SetNull": false,
  "GroundLimit": 138,
  "GroundFactor": 13,
  "SetStep": 1,
  "NoGroundLag": true
}