{
  "Enabled": false,
  "Drawn": true,
  "Bind": "None",
  "DisplayName": "AntiPackets",
  "Packets": "CLIENT",
  "SPackets": 1,
  "CPackets": 1,
  "AdvancementInfo": false,
  "Animation": false,
  "BlockAction": false,
  "BlockBreakAnim": false,
  "BlockChange": false,
  "Camera": false,
  "ChangeGameState": false,
  "Chat": false,
  "ChunkData": false,
  "CloseWindow": false,
  "CollectItem": false,
  "Combatevent": false,
  "ConfirmTransaction": false,
  "Cooldown": false,
  "CustomPayload": false,
  "CustomSound": false,
  "DestroyEntities": false,
  "Disconnect": false,
  "DisplayObjective": false,
  "Effect": false,
  "Entity": false,
  "EntityAttach": false,
  "EntityEffect": false,
  "EntityEquipment": false,
  "EntityHeadLook": false,
  "EntityMetadata": false,
  "EntityProperties": false,
  "EntityStatus": false,
  "EntityTeleport": false,
  "EntityVelocity": false,
  "Explosion": false,
  "HeldItemChange": false,
  "JoinGame": false,
  "KeepAlive": false,
  "Maps": false,
  "MoveVehicle": false,
  "MultiBlockChange": false,
  "OpenWindow": false,
  "Particles": false,
  "PlaceGhostRecipe": false,
  "PlayerAbilities": false,
  "PlayerListHeaderFooter": false,
  "PlayerListItem": false,
  "PlayerPosLook": false,
  "RecipeBook": false,
  "RemoveEntityEffect": false,
  "ResourcePackSend": false,
  "Respawn": false,
  "ScoreboardObjective": false,
  "SelectAdvancementsTab": false,
  "ServerDifficulty": false,
  "SetExperience": false,
  "SetPassengers": false,
  "SetSlot": false,
  "SignEditorOpen": false,
  "SoundEffect": false,
  "SpawnExperienceOrb": false,
  "SpawnGlobalEntity": false,
  "SpawnMob": false,
  "SpawnObject": false,
  "SpawnPainting": false,
  "SpawnPlayer": false,
  "SpawnPosition": false,
  "Statistics": false,
  "TabComplete": false,
  "Teams": false,
  "TimeUpdate": false,
  "Title": false,
  "UnloadChunk": false,
  "UpdateBossInfo": false,
  "UpdateHealth": false,
  "UpdateScore": false,
  "UpdateTileEntity": false,
  "UseBed": false,
  "WindowItems": false,
  "WindowProperty": false,
  "WorldBorder": false,
  "Animations": false,
  "ChatMessage": false,
  "ClickWindow": false,
  "ClientSettings": false,
  "ClientStatus": false,
  "CloseWindows": false,
  "ConfirmTeleport": false,
  "ConfirmTransactions": false,
  "CreativeInventoryAction": false,
  "CustomPayloads": false,
  "EnchantItem": false,
  "EntityAction": false,
  "HeldItemChanges": false,
  "Input": false,
  "KeepAlives": false,
  "PlaceRecipe": false,
  "Player": false,
  "PlayerAbility": false,
  "PlayerDigging": false,
  "PlayerTryUseItem": false,
  "TryUseItemOnBlock": false,
  "RecipeInfo": false,
  "ResourcePackStatus": false,
  "SeenAdvancements": false,
  "PlayerPackets": false,
  "Spectate": false,
  "SteerBoat": false,
  "TabCompletion": false,
  "UpdateSign": false,
  "UseEntity": false,
  "VehicleMove": false
}