{
  "Enabled": false,
  "Drawn": true,
  "Bind": "V",
  "DisplayName": "AutoCrystal",
  "Settings": "MISC",
  "OppositeHand": true,
  "AttackRemove": true,
  "AntiFeetPlace": false,
  "Cooldown": 500,
  "Updates": 3,
  "Raytrace": "NONE",
  "Place": true,
  "PlaceDelay": 25,
  "PlaceRange": 6.0,
  "MinDamage": 7.0,
  "MaxSelfPlace": 10.0,
  "WasteAmount": 2,
  "CountMinDmg": true,
  "FacePlace": 8.0,
  "Placetrace": 4.5,
  "AntiSurround": true,
  "LimitFacePlace": true,
  "1.15": false,
  "AntiTotem": false,
  "PopHealth": 1.0,
  "PopDamage": 4.0,
  "PopTime": 500,
  "Break": true,
  "Attack": "BREAKSLOT",
  "BreakDelay": 50,
  "BreakRange": 6.0,
  "Packets": 1,
  "MaxSelfBreak": 10.0,
  "Breaktrace": 4.5,
  "Manual": true,
  "ManMinDmg": true,
  "ManualDelay": 500,
  "Sync": true,
  "Predict": true,
  "PredictTimer": "NONE",
  "ResetBreakTimer": true,
  "PredictDelay": 12,
  "PredictCalc": true,
  "SuperSafe": true,
  "AntiOverCommit": true,
  "Render": true,
  "Red": 255,
  "Green": 255,
  "Blue": 255,
  "Alpha": 255,
  "CSync": false,
  "Box": true,
  "BoxAlpha": 125,
  "Outline": true,
  "LineWidth": 1.5,
  "Text": false,
  "CustomLine": false,
  "OL-Red": 255,
  "OL-Green": 255,
  "OL-Blue": 255,
  "OL-Alpha": 255,
  "HoldFacePlace": false,
  "HoldSlowBreak": false,
  "SlowFaceBreak": false,
  "ActuallySlow": false,
  "FaceSpeed": 500,
  "AntiNaked": false,
  "Range": 20.0,
  "Target": "CLOSEST",
  "MinArmor": 5,
  "Switch": "TOGGLE",
  "SwitchBind": "Comma",
  "Offhand": false,
  "Switchback": true,
  "LethalSwitch": false,
  "MineSwitch": true,
  "Rotate": "OFF",
  "Suicide": false,
  "WebAttack": true,
  "ExtraCalc": false,
  "Sound": true,
  "SoundRange": 12.0,
  "SoundPlayer": 6.0,
  "SoundConfirm": true,
  "MinSelfDmg": false,
  "FriendPop": "NONE",
  "AntiCount": false,
  "BigFriendCalc": false,
  "PredictFriend": false,
  "MinMinDmg": 0.0,
  "BreakSwing": true,
  "PlaceSwing": false,
  "ExactHand": false,
  "JustRender": false,
  "FakeSwing": false,
  "Logic": "BREAKPLACE",
  "DamageSync": "NONE",
  "SyncDelay": 500,
  "DropOff": 5.0,
  "Confirm": 250,
  "FeetSync": false,
  "FullSync": false,
  "SyncCount": true,
  "HyperSync": false,
  "GigaSync": false,
  "SyncySync": false,
  "EnormousSync": false,
  "UnbelievableSync": false,
  "FirstRotation": false,
  "Thread": "NONE",
  "ThreadDelay": 50,
  "ThreadSync": true,
  "SyncThreads": 1000,
  "PredictPos": false,
  "RenderExtrapolation": false,
  "ExtrapolationTicks": 2,
  "Spoofs": 1,
  "PredictRotate": false,
  "PredictOffset": 0.0,
  "BrownZombieMode": false,
  "DamagePop": false
}