{
  "Enabled": false,
  "Drawn": true,
  "Bind": "V",
  "DisplayName": "AutoCrystal",
  "Settings": "BREAK",
  "OppositeHand": false,
  "AttackRemove": false,
  "AntiFeetPlace": false,
  "Cooldown": 500,
  "Updates": 2,
  "Raytrace": "NONE",
  "Place": true,
  "PlaceDelay": 24,
  "PlaceRange": 5.0,
  "MinDamage": 5.0,
  "MaxSelfPlace": 18.0,
  "WasteAmount": 3,
  "CountMinDmg": true,
  "FacePlace": 13.0,
  "Placetrace": 3.0,
  "AntiSurround": true,
  "LimitFacePlace": false,
  "1.15": false,
  "AntiTotem": true,
  "PopHealth": 1.0,
  "PopDamage": 4.0,
  "PopTime": 500,
  "Break": true,
  "Attack": "BREAKSLOT",
  "BreakDelay": 30,
  "BreakRange": 5.0,
  "Packets": 1,
  "MaxSelfBreak": 10.0,
  "Breaktrace": 3.0,
  "Manual": true,
  "ManMinDmg": true,
  "ManualDelay": 500,
  "Sync": true,
  "Predict": true,
  "PredictTimer": "BREAK",
  "ResetBreakTimer": true,
  "PredictDelay": 12,
  "PredictCalc": true,
  "SuperSafe": false,
  "AntiOverCommit": true,
  "Render": true,
  "Red": 255,
  "Green": 255,
  "Blue": 255,
  "Alpha": 255,
  "CSync": false,
  "Box": true,
  "BoxAlpha": 74,
  "Outline": true,
  "LineWidth": 1.4,
  "Text": false,
  "CustomLine": true,
  "OL-Red": 185,
  "OL-Green": 235,
  "OL-Blue": 198,
  "OL-Alpha": 253,
  "HoldFacePlace": false,
  "HoldSlowBreak": false,
  "SlowFaceBreak": false,
  "ActuallySlow": false,
  "FaceSpeed": 500,
  "AntiNaked": true,
  "Range": 12.0,
  "Target": "DAMAGE",
  "MinArmor": 0,
  "Switch": "TOGGLE",
  "SwitchBind": "V",
  "Offhand": false,
  "Switchback": false,
  "LethalSwitch": false,
  "MineSwitch": false,
  "Rotate": "ALL",
  "Suicide": true,
  "WebAttack": false,
  "ExtraCalc": true,
  "Sound": true,
  "SoundRange": 12.0,
  "SoundPlayer": 6.0,
  "SoundConfirm": true,
  "MinSelfDmg": true,
  "FriendPop": "NONE",
  "AntiCount": false,
  "BigFriendCalc": false,
  "PredictFriend": false,
  "MinMinDmg": 0.0,
  "BreakSwing": true,
  "PlaceSwing": false,
  "ExactHand": false,
  "JustRender": false,
  "FakeSwing": false,
  "Logic": "PLACEBREAK",
  "DamageSync": "NONE",
  "SyncDelay": 500,
  "DropOff": 5.0,
  "Confirm": 250,
  "FeetSync": false,
  "FullSync": false,
  "SyncCount": true,
  "HyperSync": false,
  "GigaSync": false,
  "SyncySync": false,
  "EnormousSync": false,
  "UnbelievableSync": false,
  "FirstRotation": false,
  "Thread": "NONE",
  "ThreadDelay": 25,
  "ThreadSync": true,
  "SyncThreads": 1000,
  "PredictPos": false,
  "RenderExtrapolation": false,
  "ExtrapolationTicks": 2,
  "Spoofs": 1,
  "PredictRotate": false,
  "PredictOffset": 0.0,
  "BrownZombieMode": false,
  "DamagePop": false
}