{
  "Enabled": false,
  "Drawn": true,
  "Bind": "None",
  "DisplayName": "HoleFiller",
  "Server": false,
  "PlaceRange": 6.0,
  "Delay/Place": 50,
  "Block/Place": 8,
  "Rotate": true,
  "Raytrace": false,
  "Disable": true,
  "Ms/Disable": 200,
  "OffHand": true,
  "Switch": "NORMAL",
  "OnlySafe": true,
  "SelfWeb": false,
  "HighWeb": false,
  "Freecam": false,
  "MidSafe": false,
  "Packet": false,
  "OnGroundCheck": false,
  "Mode": "OBSIDIAN",
  "PlaceMode": "ALL",
  "SmartRange": 6.0,
  "Obsidian": "None",
  "Webs": "None"
}