{
  "Enabled": false,
  "Drawn": true,
  "Bind": "None",
  "DisplayName": "Offhand",
  "Mode": "NEW",
  "Cycle": false,
  "Key": "None",
  "Gapple": "G",
  "G-Health": 13.0,
  "G-H-Health": 3.5,
  "Crystal": "Q",
  "C-Health": 13.0,
  "C-H-Health": 3.5,
  "C-Distance": 10.0,
  "Obsidian": "None",
  "O-Health": 13.0,
  "O-H-Health": 8.0,
  "Webs": "None",
  "W-Health": 13.0,
  "W-H-Health": 8.0,
  "Hole-Check": true,
  "Crystal-Check": false,
  "Gap-Swap": false,
  "Updates": 1,
  "CycleObby": false,
  "CycleWebs": false,
  "Crystal-Totem": true,
  "Absorption": false,
  "AutoGapple": false,
  "OnlyWTotem": true,
  "DrawTotems": true,
  "NoOGC": false,
  "RetardOGC": false,
  "RecoverySwitch": false,
  "Timeout": 50,
  "Timeout2": 50,
  "Actions": 4,
  "Name": "TOTEM",
  "Guis": false,
  "S-Timeout": 242,
  "BedCheck": false
}