{
  "Enabled": false,
  "Drawn": true,
  "Bind": "Z",
  "DisplayName": "Surround",
  "Server": false,
  "Delay/Place": 50,
  "Block/Place": 8,
  "Rotate": true,
  "Raytrace": false,
  "Switch": "NORMAL",
  "Center": true,
  "HelpingBlocks": true,
  "Intelligent": false,
  "NoPedo": false,
  "Extend": 1,
  "MoveExtend": false,
  "Movement": "STATIC",
  "Speed": 10.0,
  "Updates": 3,
  "Floor": false,
  "Echests": false,
  "Packet": false,
  "Info": false,
  "Retries": 4,
  "EndPortals": false,
  "Render": true,
  "Sync": false,
  "Box": false,
  "Outline": true,
  "CustomLine": false,
  "Red": 0,
  "Green": 255,
  "Blue": 0,
  "Alpha": 255,
  "BoxAlpha": 125,
  "LineWidth": 1.0,
  "OL-Red": 255,
  "OL-Green": 255,
  "OL-Blue": 255,
  "OL-Alpha": 255
}