{
  "Enabled": true,
  "Drawn": false,
  "Bind": "None",
  "DisplayName": "Components",
  "Inventory": false,
  "InvX": 606,
  "InvY": 436,
  "InvFineX": 0,
  "InvFineY": 0,
  "RenderXCarry": false,
  "InvH": 3,
  "HoleHUD": false,
  "HoleX": 279,
  "HoleY": 485,
  "Compass": "NONE",
  "CompX": 472,
  "CompY": 424,
  "Scale": 3,
  "PlayerViewer": false,
  "PlayerX": 339,
  "PlayerY": 497,
  "PlayerScale": 1.0,
  "ImageLogo": false,
  "ImageX": 2,
  "ImageY": 2,
  "ImageWidth": 100,
  "ImageHeight": 100,
  "TargetHud": false,
  "TargetHudBackground": true,
  "TargetHudX": 97,
  "TargetHudY": 2,
  "Design": "NORMAL",
  "Clock": false,
  "ClockFill": false,
  "ClockX": 2.0,
  "ClockY": 2.0,
  "ClockRadius": 6.0,
  "ClockLineWidth": 1.0,
  "ClockSlices": 360,
  "ClockLoops": 1
}