{
  "Enabled": true,
  "Drawn": false,
  "Bind": "None",
  "DisplayName": "HUD",
  "RenderingUp": true,
  "Logo": "CUSTOM",
  "WatermarkName": "JensenHack_v1.4",
  "Version": false,
  "ActiveModules": true,
  "ModuleColors": false,
  "AlphabeticalSorting": false,
  "ServerBrand": false,
  "Ping": true,
  "TPS": true,
  "FPS": true,
  "Coords": true,
  "Direction": false,
  "Speed": true,
  "Potions": true,
  "AltPotionColors": false,
  "Armor": true,
  "Durability": false,
  "Percent": true,
  "Totems": false,
  "2b2tQueue": false,
  "Greeter": "CUSTOM",
  "GreeterName": "Welcome_Jensen_to_JenHack",
  "Lag": "GRAY",
  "HitMarkers": true,
  "Sound": "NONE",
  "FutureColour": true,
  "Sync": false,
  "Rainbow": false,
  "Factor": 5,
  "Rolling": true,
  "Static": false,
  "RSpeed": 100,
  "Saturation": 49,
  "Brightness": 255,
  "PotionIcons": true,
  "Shadow": false,
  "AnimationHTime": 500,
  "AnimationVTime": 50,
  "TextRadar": false,
  "Time": false,
  "Red": 3,
  "Green": 179,
  "Blue": 9,
  "LevelPotions": false,
  "ms": false
}