{
  "Enabled": true,
  "Drawn": false,
  "Bind": "None",
  "DisplayName": "Management",
  "BetterMaxFPS": false,
  "Bracket": "\u003c",
  "Bracket2": "\u003e",
  "Command": "JenHack",
  "RainbowPrefix": false,
  "BColor": "DARK_GREEN",
  "CColor": "DARK_GREEN",
  "MaxFPS": 300,
  "Potions": true,
  "TRUpdates": 500,
  "SeverTime": 500,
  "ALUpdates": 1000,
  "HoleRange": 6.0,
  "HoleUpdates": 100,
  "HoleSync": 10000,
  "SafetyPlayer": false,
  "SafetyCheck": 50,
  "SafetySync": 250,
  "HoleThread": "WHILE",
  "Speed": true,
  "1.15": false,
  "TRadarInv": true,
  "UnfocusedCPU": false,
  "UnfocusedFPS": 60,
  "Baritone": 5,
  "OneChunk": false
}